device,batch_size,repeat,images_per_sec
cpu,1,0,21.549295848056797
cpu,1,1,21.100927915836195
cpu,1,2,18.952826539878433
cpu,16,0,41.310055738637885
cpu,16,1,48.405439010123345
cpu,16,2,62.113221599913345
cpu,64,0,42.76074879775114
cpu,64,1,57.32532207681887
cpu,64,2,56.34750584926117
cpu,256,0,46.64326406921339
cpu,256,1,47.06747292510484
cpu,256,2,46.79190096761289
cuda,1,0,89.72902775789555
cuda,1,1,86.40645785281
cuda,1,2,82.62084387990384
cuda,16,0,1307.6477907699955
cuda,16,1,1322.8649080270957
cuda,16,2,1353.477511340868
cuda,64,0,2452.7710220843796
cuda,64,1,2446.994093339388
cuda,64,2,2456.9672786389833
cuda,256,0,2632.7275925066774
cuda,256,1,2613.520463957333
cuda,256,2,2609.6405126766695
